Currency_Pair,Annual_Return,Annual_Volatility,Sharpe_Ratio
USDCNH,0.04373459839348004,0.0627532854703908,0.3782208089276673
EURCNH,0.03581223939906341,0.07842595781352953,0.2016199717529696
CNYRUB,-0.017268515421577313,0.16019046318724628,-0.2326512744895071
CNYTHB,-0.021103834483609866,0.04731652998721727,-0.8686992578431727
